media_id,taxon_id,square_url,medium_url,original_url,license_code,attribution
95268822,6930,https://inaturalist-open-data.s3.amazonaws.com/photos/95268822/square.jpg,https://inaturalist-open-data.s3.amazonaws.com/photos/95268822/medium.jpg,https://inaturalist-open-data.s3.amazonaws.com/photos/95268822/square.jpg,cc-by-sa,"(c) anonymous, some rights reserved (CC BY-SA)"
2369526,47219,https://static.inaturalist.org/photos/2369526/square.jpg,https://static.inaturalist.org/photos/2369526/medium.jpg,https://static.inaturalist.org/photos/2369526/square.jpg,NA,"(c) Georges-Alexandre Cotnoir, all rights reserved, uploaded by Georges-Alexandre Cotnoir"
4608133,13858,https://inaturalist-open-data.s3.amazonaws.com/photos/4608133/square.jpg,https://inaturalist-open-data.s3.amazonaws.com/photos/4608133/medium.jpg,https://inaturalist-open-data.s3.amazonaws.com/photos/4608133/square.jpg,cc-by-nc-sa,"(c) Ximo Galarza, some rights reserved (CC BY-NC-SA)"
452640195,48484,https://inaturalist-open-data.s3.amazonaws.com/photos/452640195/square.jpg,https://inaturalist-open-data.s3.amazonaws.com/photos/452640195/medium.jpg,https://inaturalist-open-data.s3.amazonaws.com/photos/452640195/square.jpg,pd,"Francisco Welter-Schultes, no known copyright restrictions (public domain)"
61756746,48662,https://inaturalist-open-data.s3.amazonaws.com/photos/61756746/square.jpg,https://inaturalist-open-data.s3.amazonaws.com/photos/61756746/medium.jpg,https://inaturalist-open-data.s3.amazonaws.com/photos/61756746/square.jpg,cc-by,"(c) Judy Gallagher, some rights reserved (CC BY)"
181719420,7089,https://static.inaturalist.org/photos/181719420/square.jpg,https://static.inaturalist.org/photos/181719420/medium.jpg,https://static.inaturalist.org/photos/181719420/square.jpg,NA,"(c) Dimitris S, all rights reserved, uploaded by Dimitris S"
34859026,12727,https://inaturalist-open-data.s3.amazonaws.com/photos/34859026/square.jpg,https://inaturalist-open-data.s3.amazonaws.com/photos/34859026/medium.jpg,https://inaturalist-open-data.s3.amazonaws.com/photos/34859026/square.jpg,cc-by-nc,"(c) John D Reynolds, some rights reserved (CC BY-NC), uploaded by John D Reynolds"
65060931,4956,https://inaturalist-open-data.s3.amazonaws.com/photos/65060931/square.jpg,https://inaturalist-open-data.s3.amazonaws.com/photos/65060931/medium.jpg,https://inaturalist-open-data.s3.amazonaws.com/photos/65060931/square.jpg,cc-by-nc,"(c) Dan Roach, some rights reserved (CC BY-NC), uploaded by Dan Roach"
466776975,3017,https://inaturalist-open-data.s3.amazonaws.com/photos/466776975/square.jpg,https://inaturalist-open-data.s3.amazonaws.com/photos/466776975/medium.jpg,https://inaturalist-open-data.s3.amazonaws.com/photos/466776975/square.jpg,cc-by-sa,"(c) Birds of Gilgit-Baltistan, some rights reserved (CC BY-SA)"
110157765,42223,https://inaturalist-open-data.s3.amazonaws.com/photos/110157765/square.jpg,https://inaturalist-open-data.s3.amazonaws.com/photos/110157765/medium.jpg,https://inaturalist-open-data.s3.amazonaws.com/photos/110157765/square.jpg,cc-by-nc,"(c) jefferykarafa, some rights reserved (CC BY-NC), uploaded by jefferykarafa"
56653891,144455,https://inaturalist-open-data.s3.amazonaws.com/photos/56653891/square.jpg,https://inaturalist-open-data.s3.amazonaws.com/photos/56653891/medium.jpg,https://inaturalist-open-data.s3.amazonaws.com/photos/56653891/square.jpg,cc-by-nc,"(c) daverowe, some rights reserved (CC BY-NC)"
22144449,46017,https://inaturalist-open-data.s3.amazonaws.com/photos/22144449/square.jpg,https://inaturalist-open-data.s3.amazonaws.com/photos/22144449/medium.jpg,https://inaturalist-open-data.s3.amazonaws.com/photos/22144449/square.jpg,cc-by-sa,"(c) Diliff, some rights reserved (CC BY-SA)"
189434971,9083,https://inaturalist-open-data.s3.amazonaws.com/photos/189434971/square.jpg,https://inaturalist-open-data.s3.amazonaws.com/photos/189434971/medium.jpg,https://inaturalist-open-data.s3.amazonaws.com/photos/189434971/square.jpg,cc-by-nc,"(c) Laura Keene, some rights reserved (CC BY-NC), uploaded by Laura Keene"
101327658,5212,https://inaturalist-open-data.s3.amazonaws.com/photos/101327658/square.jpg,https://inaturalist-open-data.s3.amazonaws.com/photos/101327658/medium.jpg,https://inaturalist-open-data.s3.amazonaws.com/photos/101327658/square.jpg,cc-by-nc,"(c) Craig K. Hunt, some rights reserved (CC BY-NC), uploaded by Craig K. Hunt"
4902,52821,https://inaturalist-open-data.s3.amazonaws.com/photos/4902/square.jpg,https://inaturalist-open-data.s3.amazonaws.com/photos/4902/medium.jpg,https://inaturalist-open-data.s3.amazonaws.com/photos/4902/square.jpg,cc-by-nc-nd,"(c) Steve Guttman, some rights reserved (CC BY-NC-ND)"
178968933,199840,https://static.inaturalist.org/photos/178968933/square.jpg,https://static.inaturalist.org/photos/178968933/medium.jpg,https://static.inaturalist.org/photos/178968933/square.jpg,NA,"(c) Juan Miguel Artigas Azas, all rights reserved, uploaded by Juan Miguel Artigas Azas"
32152001,14850,https://inaturalist-open-data.s3.amazonaws.com/photos/32152001/square.jpg,https://inaturalist-open-data.s3.amazonaws.com/photos/32152001/medium.jpg,https://inaturalist-open-data.s3.amazonaws.com/photos/32152001/square.jpg,cc-by-nc-nd,"(c) Fran Wiesner, some rights reserved (CC BY-NC-ND), uploaded by Fran Wiesner"
368048127,9744,https://static.inaturalist.org/photos/368048127/square.jpg,https://static.inaturalist.org/photos/368048127/medium.jpg,https://static.inaturalist.org/photos/368048127/square.jpg,NA,"(c) sdrov, all rights reserved, uploaded by sdrov"
14015355,3454,https://inaturalist-open-data.s3.amazonaws.com/photos/14015355/square.jpg,https://inaturalist-open-data.s3.amazonaws.com/photos/14015355/medium.jpg,https://inaturalist-open-data.s3.amazonaws.com/photos/14015355/square.jpg,cc-by-nc,"(c) Donna Pomeroy, some rights reserved (CC BY-NC), uploaded by Donna Pomeroy"
319670408,118970,https://inaturalist-open-data.s3.amazonaws.com/photos/319670408/square.jpeg,https://inaturalist-open-data.s3.amazonaws.com/photos/319670408/medium.jpeg,https://inaturalist-open-data.s3.amazonaws.com/photos/319670408/square.jpeg,cc-by-nc,"(c) scotstewart, some rights reserved (CC BY-NC), uploaded by scotstewart"
53928483,49133,https://inaturalist-open-data.s3.amazonaws.com/photos/53928483/square.jpg,https://inaturalist-open-data.s3.amazonaws.com/photos/53928483/medium.jpg,https://inaturalist-open-data.s3.amazonaws.com/photos/53928483/square.jpg,cc-by-sa,"(c) Gilles San Martin, some rights reserved (CC BY-SA), uploaded by Gilles San Martin"
23575133,47602,https://inaturalist-open-data.s3.amazonaws.com/photos/23575133/square.jpg,https://inaturalist-open-data.s3.amazonaws.com/photos/23575133/medium.jpg,https://inaturalist-open-data.s3.amazonaws.com/photos/23575133/square.jpg,cc-by-nc-sa,"(c) Paul Reeves, some rights reserved (CC BY-NC-SA), uploaded by Paul Reeves"
267168450,51702,https://inaturalist-open-data.s3.amazonaws.com/photos/267168450/square.jpg,https://inaturalist-open-data.s3.amazonaws.com/photos/267168450/medium.jpg,https://inaturalist-open-data.s3.amazonaws.com/photos/267168450/square.jpg,cc-by-nc,"(c) Thomas Shahan, some rights reserved (CC BY-NC), uploaded by Thomas Shahan"
104749271,9100,https://inaturalist-open-data.s3.amazonaws.com/photos/104749271/square.jpg,https://inaturalist-open-data.s3.amazonaws.com/photos/104749271/medium.jpg,https://inaturalist-open-data.s3.amazonaws.com/photos/104749271/square.jpg,cc-by-nc,"(c) Ad Konings, some rights reserved (CC BY-NC), uploaded by Ad Konings"
52277010,4756,https://inaturalist-open-data.s3.amazonaws.com/photos/52277010/square.jpg,https://inaturalist-open-data.s3.amazonaws.com/photos/52277010/medium.jpg,https://inaturalist-open-data.s3.amazonaws.com/photos/52277010/square.jpg,cc-by,"(c) Seig, some rights reserved (CC BY), uploaded by Seig"
507060696,55745,https://inaturalist-open-data.s3.amazonaws.com/photos/507060696/square.jpg,https://inaturalist-open-data.s3.amazonaws.com/photos/507060696/medium.jpg,https://inaturalist-open-data.s3.amazonaws.com/photos/507060696/square.jpg,cc-by-nc-sa,"(c) Salom√© Bielsa, some rights reserved (CC BY-NC-SA)"
28420401,55626,https://inaturalist-open-data.s3.amazonaws.com/photos/28420401/square.jpg,https://inaturalist-open-data.s3.amazonaws.com/photos/28420401/medium.jpg,https://inaturalist-open-data.s3.amazonaws.com/photos/28420401/square.jpg,cc-by-nc,"(c) Liu JimFood, some rights reserved (CC BY-NC), uploaded by Liu JimFood"
120834277,39782,https://inaturalist-open-data.s3.amazonaws.com/photos/120834277/square.jpg,https://inaturalist-open-data.s3.amazonaws.com/photos/120834277/medium.jpg,https://inaturalist-open-data.s3.amazonaws.com/photos/120834277/square.jpg,cc0,"no rights reserved, uploaded by Glenn Berry"
356885346,12716,https://inaturalist-open-data.s3.amazonaws.com/photos/356885346/square.jpg,https://inaturalist-open-data.s3.amazonaws.com/photos/356885346/medium.jpg,https://inaturalist-open-data.s3.amazonaws.com/photos/356885346/square.jpg,cc-by,"(c) Luiz Lapa, some rights reserved (CC BY)"
111714701,10094,https://inaturalist-open-data.s3.amazonaws.com/photos/111714701/square.jpeg,https://inaturalist-open-data.s3.amazonaws.com/photos/111714701/medium.jpeg,https://inaturalist-open-data.s3.amazonaws.com/photos/111714701/square.jpeg,cc-by-nc,"(c) Craig K. Hunt, some rights reserved (CC BY-NC), uploaded by Craig K. Hunt"
128439522,145245,https://inaturalist-open-data.s3.amazonaws.com/photos/128439522/square.jpg,https://inaturalist-open-data.s3.amazonaws.com/photos/128439522/medium.jpg,https://inaturalist-open-data.s3.amazonaws.com/photos/128439522/square.jpg,cc-by-nc-nd,"(c) Zane Shantz, some rights reserved (CC BY-NC-ND), uploaded by Zane Shantz"
142697277,14886,https://inaturalist-open-data.s3.amazonaws.com/photos/142697277/square.jpg,https://inaturalist-open-data.s3.amazonaws.com/photos/142697277/medium.jpg,https://inaturalist-open-data.s3.amazonaws.com/photos/142697277/square.jpg,cc-by-nc-sa,"(c) Kevin Milazzo, some rights reserved (CC BY-NC-SA)"
73516715,4954,https://inaturalist-open-data.s3.amazonaws.com/photos/73516715/square.jpg,https://inaturalist-open-data.s3.amazonaws.com/photos/73516715/medium.jpg,https://inaturalist-open-data.s3.amazonaws.com/photos/73516715/square.jpg,cc-by,"(c) Frank Sengpiel, some rights reserved (CC BY), uploaded by Frank Sengpiel"
507063440,51875,https://inaturalist-open-data.s3.amazonaws.com/photos/507063440/square.jpg,https://inaturalist-open-data.s3.amazonaws.com/photos/507063440/medium.jpg,https://inaturalist-open-data.s3.amazonaws.com/photos/507063440/square.jpg,cc-by-sa,"(c) Ê±†Áî∞Ê≠£Ê®π, some rights reserved (CC BY-SA)"
340613122,203153,https://inaturalist-open-data.s3.amazonaws.com/photos/340613122/square.jpg,https://inaturalist-open-data.s3.amazonaws.com/photos/340613122/medium.jpg,https://inaturalist-open-data.s3.amazonaws.com/photos/340613122/square.jpg,cc-by-nc,"(c) Oscar Valencoso - Salom√© Planas, some rights reserved (CC BY-NC)"
122469139,11901,https://inaturalist-open-data.s3.amazonaws.com/photos/122469139/square.jpg,https://inaturalist-open-data.s3.amazonaws.com/photos/122469139/medium.jpg,https://inaturalist-open-data.s3.amazonaws.com/photos/122469139/square.jpg,cc-by-nc,"(c) Ad Konings, some rights reserved (CC BY-NC), uploaded by Ad Konings"
349074095,5305,https://inaturalist-open-data.s3.amazonaws.com/photos/349074095/square.jpeg,https://inaturalist-open-data.s3.amazonaws.com/photos/349074095/medium.jpeg,https://inaturalist-open-data.s3.amazonaws.com/photos/349074095/square.jpeg,cc-by-nc,"(c) Glenn Perelson, some rights reserved (CC BY-NC), uploaded by Glenn Perelson"
2677422,64968,https://inaturalist-open-data.s3.amazonaws.com/photos/2677422/square.jpg,https://inaturalist-open-data.s3.amazonaws.com/photos/2677422/medium.jpg,https://inaturalist-open-data.s3.amazonaws.com/photos/2677422/square.jpg,cc-by-nc,"(c) Gerry Salmon, some rights reserved (CC BY-NC), uploaded by Gerry Salmon"
3542548,56061,https://inaturalist-open-data.s3.amazonaws.com/photos/3542548/square.jpg,https://inaturalist-open-data.s3.amazonaws.com/photos/3542548/medium.jpg,https://inaturalist-open-data.s3.amazonaws.com/photos/3542548/square.jpg,cc-by-nc-nd,"(c) 57Andrew, some rights reserved (CC BY-NC-ND)"
4661023,8021,https://inaturalist-open-data.s3.amazonaws.com/photos/4661023/square.jpg,https://inaturalist-open-data.s3.amazonaws.com/photos/4661023/medium.jpg,https://inaturalist-open-data.s3.amazonaws.com/photos/4661023/square.jpg,cc-by-nc,"(c) Jacob McGinnis, some rights reserved (CC BY-NC)"
473250296,792988,https://inaturalist-open-data.s3.amazonaws.com/photos/473250296/square.jpg,https://inaturalist-open-data.s3.amazonaws.com/photos/473250296/medium.jpg,https://inaturalist-open-data.s3.amazonaws.com/photos/473250296/square.jpg,cc-by-nc,"(c) mangoat1, some rights reserved (CC BY-NC), uploaded by mangoat1"
6903515,116999,https://inaturalist-open-data.s3.amazonaws.com/photos/6903515/square.jpg,https://inaturalist-open-data.s3.amazonaws.com/photos/6903515/medium.jpg,https://inaturalist-open-data.s3.amazonaws.com/photos/6903515/square.jpg,cc-by-nc,"(c) Greg Lasley, some rights reserved (CC BY-NC), uploaded by Greg Lasley"
7663971,76610,https://inaturalist-open-data.s3.amazonaws.com/photos/7663971/square.jpeg,https://inaturalist-open-data.s3.amazonaws.com/photos/7663971/medium.jpeg,https://inaturalist-open-data.s3.amazonaws.com/photos/7663971/square.jpeg,cc-by-nc,"(c) Nancy Lasiter, some rights reserved (CC BY-NC), uploaded by Nancy Lasiter"
3263522,28362,https://inaturalist-open-data.s3.amazonaws.com/photos/3263522/square.JPG,https://inaturalist-open-data.s3.amazonaws.com/photos/3263522/medium.JPG,https://inaturalist-open-data.s3.amazonaws.com/photos/3263522/square.JPG,cc-by-nc,"(c) Mark Kluge, some rights reserved (CC BY-NC), uploaded by Mark Kluge"
36416485,36204,https://inaturalist-open-data.s3.amazonaws.com/photos/36416485/square.jpeg,https://inaturalist-open-data.s3.amazonaws.com/photos/36416485/medium.jpeg,https://inaturalist-open-data.s3.amazonaws.com/photos/36416485/square.jpeg,cc-by-nc,"(c) Steven Kurniawidjaja, some rights reserved (CC BY-NC), uploaded by Steven Kurniawidjaja"
280941528,55830,https://inaturalist-open-data.s3.amazonaws.com/photos/280941528/square.jpg,https://inaturalist-open-data.s3.amazonaws.com/photos/280941528/medium.jpg,https://inaturalist-open-data.s3.amazonaws.com/photos/280941528/square.jpg,cc-by-nc,"(c) viktorie_kolouchova, some rights reserved (CC BY-NC)"
89626619,52764,https://inaturalist-open-data.s3.amazonaws.com/photos/89626619/square.jpg,https://inaturalist-open-data.s3.amazonaws.com/photos/89626619/medium.jpg,https://inaturalist-open-data.s3.amazonaws.com/photos/89626619/square.jpg,cc-by-nc,"(c) kenbuc, some rights reserved (CC BY-NC)"
530721418,8229,https://inaturalist-open-data.s3.amazonaws.com/photos/530721418/square.jpg,https://inaturalist-open-data.s3.amazonaws.com/photos/530721418/medium.jpg,https://inaturalist-open-data.s3.amazonaws.com/photos/530721418/square.jpg,cc-by,"(c) Judy Gallagher, some rights reserved (CC BY)"
182713821,1454382,https://inaturalist-open-data.s3.amazonaws.com/photos/182713821/square.jpg,https://inaturalist-open-data.s3.amazonaws.com/photos/182713821/medium.jpg,https://inaturalist-open-data.s3.amazonaws.com/photos/182713821/square.jpg,cc-by-nc,"(c) Jos√© Antonio Linage Espinosa, some rights reserved (CC BY-NC), uploaded by Jos√© Antonio Linage Espinosa"
324600760,43111,https://static.inaturalist.org/photos/324600760/square.jpg,https://static.inaturalist.org/photos/324600760/medium.jpg,https://static.inaturalist.org/photos/324600760/square.jpg,NA,"(c) Liz Soria, all rights reserved, uploaded by Liz Soria"
151143058,10070,https://inaturalist-open-data.s3.amazonaws.com/photos/151143058/square.jpg,https://inaturalist-open-data.s3.amazonaws.com/photos/151143058/medium.jpg,https://inaturalist-open-data.s3.amazonaws.com/photos/151143058/square.jpg,cc-by-nc,"(c) Jonny Andrews, some rights reserved (CC BY-NC), uploaded by Jonny Andrews"
384965723,145310,https://inaturalist-open-data.s3.amazonaws.com/photos/384965723/square.jpg,https://inaturalist-open-data.s3.amazonaws.com/photos/384965723/medium.jpg,https://inaturalist-open-data.s3.amazonaws.com/photos/384965723/square.jpg,cc-by-nc,"(c) Chris Fisher, some rights reserved (CC BY-NC), uploaded by Chris Fisher"
42633041,42220,https://inaturalist-open-data.s3.amazonaws.com/photos/42633041/square.jpg,https://inaturalist-open-data.s3.amazonaws.com/photos/42633041/medium.jpg,https://inaturalist-open-data.s3.amazonaws.com/photos/42633041/square.jpg,cc-by-sa,"(c) Oregon Department of Fish & Wildlife, some rights reserved (CC BY-SA)"
46439025,41663,https://inaturalist-open-data.s3.amazonaws.com/photos/46439025/square.jpg,https://inaturalist-open-data.s3.amazonaws.com/photos/46439025/medium.jpg,https://inaturalist-open-data.s3.amazonaws.com/photos/46439025/square.jpg,cc-by-nc-sa,"(c) Mary Keim, some rights reserved (CC BY-NC-SA)"
114655826,906,https://inaturalist-open-data.s3.amazonaws.com/photos/114655826/square.jpg,https://inaturalist-open-data.s3.amazonaws.com/photos/114655826/medium.jpg,https://inaturalist-open-data.s3.amazonaws.com/photos/114655826/square.jpg,cc-by,"(c) Judy Gallagher, some rights reserved (CC BY)"
99923276,47911,https://inaturalist-open-data.s3.amazonaws.com/photos/99923276/square.jpg,https://inaturalist-open-data.s3.amazonaws.com/photos/99923276/medium.jpg,https://inaturalist-open-data.s3.amazonaws.com/photos/99923276/square.jpg,cc-by-nc,"(c) csozanne, some rights reserved (CC BY-NC)"
384758481,53178,https://inaturalist-open-data.s3.amazonaws.com/photos/384758481/square.jpg,https://inaturalist-open-data.s3.amazonaws.com/photos/384758481/medium.jpg,https://inaturalist-open-data.s3.amazonaws.com/photos/384758481/square.jpg,cc-by-nc,"(c) Miroslav Mariƒá, some rights reserved (CC BY-NC), uploaded by Miroslav Mariƒá"
229714369,47726,https://inaturalist-open-data.s3.amazonaws.com/photos/229714369/square.jpg,https://inaturalist-open-data.s3.amazonaws.com/photos/229714369/medium.jpg,https://inaturalist-open-data.s3.amazonaws.com/photos/229714369/square.jpg,cc-by-nc,"(c) thewindcriesmary, some rights reserved (CC BY-NC)"
39786089,13695,https://inaturalist-open-data.s3.amazonaws.com/photos/39786089/square.jpg,https://inaturalist-open-data.s3.amazonaws.com/photos/39786089/medium.jpg,https://inaturalist-open-data.s3.amazonaws.com/photos/39786089/square.jpg,cc-by-nc,"(c) ZTSurvival, some rights reserved (CC BY-NC), uploaded by ZTSurvival"
160331738,54134,https://inaturalist-open-data.s3.amazonaws.com/photos/160331738/square.jpg,https://inaturalist-open-data.s3.amazonaws.com/photos/160331738/medium.jpg,https://inaturalist-open-data.s3.amazonaws.com/photos/160331738/square.jpg,cc-by,"(c) Christine Young, some rights reserved (CC BY), uploaded by Christine Young"
283894255,52913,https://inaturalist-open-data.s3.amazonaws.com/photos/283894255/square.jpg,https://inaturalist-open-data.s3.amazonaws.com/photos/283894255/medium.jpg,https://inaturalist-open-data.s3.amazonaws.com/photos/283894255/square.jpg,cc-by-nc,"(c) akolter, some rights reserved (CC BY-NC)"
44885369,59029,https://static.inaturalist.org/photos/44885369/square.jpg,https://static.inaturalist.org/photos/44885369/medium.jpg,https://static.inaturalist.org/photos/44885369/square.jpg,NA,"(c) Craig Evans, all rights reserved, uploaded by Craig Evans"
129658776,118552,https://inaturalist-open-data.s3.amazonaws.com/photos/129658776/square.jpg,https://inaturalist-open-data.s3.amazonaws.com/photos/129658776/medium.jpg,https://inaturalist-open-data.s3.amazonaws.com/photos/129658776/square.jpg,cc-by-sa,"(c) Von.grzanka, some rights reserved (CC BY-SA)"
9927445,39771,https://inaturalist-open-data.s3.amazonaws.com/photos/9927445/square.jpg,https://inaturalist-open-data.s3.amazonaws.com/photos/9927445/medium.jpg,https://inaturalist-open-data.s3.amazonaws.com/photos/9927445/square.jpg,cc-by-nc,"(c) Susan Elliott, some rights reserved (CC BY-NC), uploaded by Susan Elliott"
54389687,8010,https://inaturalist-open-data.s3.amazonaws.com/photos/54389687/square.jpg,https://inaturalist-open-data.s3.amazonaws.com/photos/54389687/medium.jpg,https://inaturalist-open-data.s3.amazonaws.com/photos/54389687/square.jpg,cc-by-nc-sa,"(c) arbyreed, some rights reserved (CC BY-NC-SA)"
2937112,49150,https://inaturalist-open-data.s3.amazonaws.com/photos/2937112/square.jpg,https://inaturalist-open-data.s3.amazonaws.com/photos/2937112/medium.jpg,https://inaturalist-open-data.s3.amazonaws.com/photos/2937112/square.jpg,cc-by-nc-sa,"(c) Mary Keim, some rights reserved (CC BY-NC-SA)"
164206478,48599,https://inaturalist-open-data.s3.amazonaws.com/photos/164206478/square.jpeg,https://inaturalist-open-data.s3.amazonaws.com/photos/164206478/medium.jpeg,https://inaturalist-open-data.s3.amazonaws.com/photos/164206478/square.jpeg,cc-by-nc,"(c) Craig K. Hunt, some rights reserved (CC BY-NC), uploaded by Craig K. Hunt"
306770747,52989,https://inaturalist-open-data.s3.amazonaws.com/photos/306770747/square.jpeg,https://inaturalist-open-data.s3.amazonaws.com/photos/306770747/medium.jpeg,https://inaturalist-open-data.s3.amazonaws.com/photos/306770747/square.jpeg,cc-by-nc,"(c) Sabine Atteln, some rights reserved (CC BY-NC), uploaded by Sabine Atteln"
9506438,48548,https://inaturalist-open-data.s3.amazonaws.com/photos/9506438/square.jpg,https://inaturalist-open-data.s3.amazonaws.com/photos/9506438/medium.jpg,https://inaturalist-open-data.s3.amazonaws.com/photos/9506438/square.jpg,cc-by-nc,"(c) roy pilcher, some rights reserved (CC BY-NC), uploaded by roy pilcher"
7034063,204321,https://inaturalist-open-data.s3.amazonaws.com/photos/7034063/square.jpg,https://inaturalist-open-data.s3.amazonaws.com/photos/7034063/medium.jpg,https://inaturalist-open-data.s3.amazonaws.com/photos/7034063/square.jpg,cc-by,"(c) Bernard Picton, some rights reserved (CC BY), uploaded by Bernard Picton"
161053705,55882,https://inaturalist-open-data.s3.amazonaws.com/photos/161053705/square.jpeg,https://inaturalist-open-data.s3.amazonaws.com/photos/161053705/medium.jpeg,https://inaturalist-open-data.s3.amazonaws.com/photos/161053705/square.jpeg,cc-by-nc,"(c) Giunchi, some rights reserved (CC BY-NC), uploaded by Giunchi"
331946615,13094,https://static.inaturalist.org/photos/331946615/square.jpeg,https://static.inaturalist.org/photos/331946615/medium.jpeg,https://static.inaturalist.org/photos/331946615/square.jpeg,NA,"(c) Jakob W., all rights reserved, uploaded by Jakob W."
107527504,4940,https://static.inaturalist.org/photos/107527504/square.jpeg,https://static.inaturalist.org/photos/107527504/medium.jpeg,https://static.inaturalist.org/photos/107527504/square.jpeg,NA,"(c) Juan Miguel Artigas Azas, all rights reserved, uploaded by Juan Miguel Artigas Azas"
80550183,43584,https://inaturalist-open-data.s3.amazonaws.com/photos/80550183/square.jpg,https://inaturalist-open-data.s3.amazonaws.com/photos/80550183/medium.jpg,https://inaturalist-open-data.s3.amazonaws.com/photos/80550183/square.jpg,cc0,"no rights reserved, uploaded by Abhas Misraraj"
333452083,60132,https://inaturalist-open-data.s3.amazonaws.com/photos/333452083/square.jpg,https://inaturalist-open-data.s3.amazonaws.com/photos/333452083/medium.jpg,https://inaturalist-open-data.s3.amazonaws.com/photos/333452083/square.jpg,cc-by-nc,"(c) Adja Gaye, some rights reserved (CC BY-NC), uploaded by Adja Gaye"
264781420,6921,https://static.inaturalist.org/photos/264781420/square.jpg,https://static.inaturalist.org/photos/264781420/medium.jpg,https://static.inaturalist.org/photos/264781420/square.jpg,NA,"(c) Mark Sikking, all rights reserved, uploaded by Mark Sikking"
49357930,4981,https://inaturalist-open-data.s3.amazonaws.com/photos/49357930/square.jpg,https://inaturalist-open-data.s3.amazonaws.com/photos/49357930/medium.jpg,https://inaturalist-open-data.s3.amazonaws.com/photos/49357930/square.jpg,cc0,"no rights reserved, uploaded by Kyle Nessen"
61276703,58732,https://inaturalist-open-data.s3.amazonaws.com/photos/61276703/square.jpg,https://inaturalist-open-data.s3.amazonaws.com/photos/61276703/medium.jpg,https://inaturalist-open-data.s3.amazonaws.com/photos/61276703/square.jpg,cc-by-nc,"(c) floricole, some rights reserved (CC BY-NC), uploaded by floricole"
145664133,564969,https://inaturalist-open-data.s3.amazonaws.com/photos/145664133/square.jpg,https://inaturalist-open-data.s3.amazonaws.com/photos/145664133/medium.jpg,https://inaturalist-open-data.s3.amazonaws.com/photos/145664133/square.jpg,cc-by-nc,"(c) Susan Elliott, some rights reserved (CC BY-NC), uploaded by Susan Elliott"
117303151,4364,https://inaturalist-open-data.s3.amazonaws.com/photos/117303151/square.jpg,https://inaturalist-open-data.s3.amazonaws.com/photos/117303151/medium.jpg,https://inaturalist-open-data.s3.amazonaws.com/photos/117303151/square.jpg,cc-by-nc,"(c) Craig K. Hunt, some rights reserved (CC BY-NC), uploaded by Craig K. Hunt"
61919353,2969,https://static.inaturalist.org/photos/61919353/square.jpeg,https://static.inaturalist.org/photos/61919353/medium.jpeg,https://static.inaturalist.org/photos/61919353/square.jpeg,NA,"(c) Daniel, all rights reserved, uploaded by Daniel"
108521205,3048,https://inaturalist-open-data.s3.amazonaws.com/photos/108521205/square.jpg,https://inaturalist-open-data.s3.amazonaws.com/photos/108521205/medium.jpg,https://inaturalist-open-data.s3.amazonaws.com/photos/108521205/square.jpg,cc-by-sa,"(c) hedera.baltica, some rights reserved (CC BY-SA)"
103446096,891696,https://inaturalist-open-data.s3.amazonaws.com/photos/103446096/square.jpg,https://inaturalist-open-data.s3.amazonaws.com/photos/103446096/medium.jpg,https://inaturalist-open-data.s3.amazonaws.com/photos/103446096/square.jpg,cc-by-nc-sa,"(c) Agust√≠n Povedano, some rights reserved (CC BY-NC-SA)"
123574818,482,https://inaturalist-open-data.s3.amazonaws.com/photos/123574818/square.jpg,https://inaturalist-open-data.s3.amazonaws.com/photos/123574818/medium.jpg,https://inaturalist-open-data.s3.amazonaws.com/photos/123574818/square.jpg,cc-by-nc,"(c) Wei Li Jiang, some rights reserved (CC BY-NC), uploaded by Wei Li Jiang"
28379940,59774,https://inaturalist-open-data.s3.amazonaws.com/photos/28379940/square.jpg,https://inaturalist-open-data.s3.amazonaws.com/photos/28379940/medium.jpg,https://inaturalist-open-data.s3.amazonaws.com/photos/28379940/square.jpg,cc-by-nc,"(c) Cameron Eckert, some rights reserved (CC BY-NC), uploaded by Cameron Eckert"
147896974,60551,https://inaturalist-open-data.s3.amazonaws.com/photos/147896974/square.jpg,https://inaturalist-open-data.s3.amazonaws.com/photos/147896974/medium.jpg,https://inaturalist-open-data.s3.amazonaws.com/photos/147896974/square.jpg,cc-by-nc,"(c) David Alan Rogers, some rights reserved (CC BY-NC), uploaded by David Alan Rogers"
371086451,55851,https://inaturalist-open-data.s3.amazonaws.com/photos/371086451/square.jpg,https://inaturalist-open-data.s3.amazonaws.com/photos/371086451/medium.jpg,https://inaturalist-open-data.s3.amazonaws.com/photos/371086451/square.jpg,cc-by-nc,"(c) Katrina Winthrop, some rights reserved (CC BY-NC), uploaded by Katrina Winthrop"
5600620,5206,https://inaturalist-open-data.s3.amazonaws.com/photos/5600620/square.jpg,https://inaturalist-open-data.s3.amazonaws.com/photos/5600620/medium.jpg,https://inaturalist-open-data.s3.amazonaws.com/photos/5600620/square.jpg,cc-by-nc,"(c) Richard Wottrich, some rights reserved (CC BY-NC), uploaded by Richard Wottrich"
198109587,144510,https://inaturalist-open-data.s3.amazonaws.com/photos/198109587/square.jpg,https://inaturalist-open-data.s3.amazonaws.com/photos/198109587/medium.jpg,https://inaturalist-open-data.s3.amazonaws.com/photos/198109587/square.jpg,cc-by-nc,"(c) Dmitry Dubikovskiy, some rights reserved (CC BY-NC), uploaded by Dmitry Dubikovskiy"
454271999,144815,https://inaturalist-open-data.s3.amazonaws.com/photos/454271999/square.jpg,https://inaturalist-open-data.s3.amazonaws.com/photos/454271999/medium.jpg,https://inaturalist-open-data.s3.amazonaws.com/photos/454271999/square.jpg,cc-by-nc-nd,"(c) Andrew Reding, some rights reserved (CC BY-NC-ND)"
7660373,65982,https://static.inaturalist.org/photos/7660373/square.jpg,https://static.inaturalist.org/photos/7660373/medium.jpg,https://static.inaturalist.org/photos/7660373/square.jpg,NA,"(c) Buddy, all rights reserved, uploaded by Buddy"
337444041,46020,https://inaturalist-open-data.s3.amazonaws.com/photos/337444041/square.jpeg,https://inaturalist-open-data.s3.amazonaws.com/photos/337444041/medium.jpeg,https://inaturalist-open-data.s3.amazonaws.com/photos/337444041/square.jpeg,cc-by-nc,"(c) Tobin Brown, some rights reserved (CC BY-NC), uploaded by Tobin Brown"
123812445,18236,https://inaturalist-open-data.s3.amazonaws.com/photos/123812445/square.jpg,https://inaturalist-open-data.s3.amazonaws.com/photos/123812445/medium.jpg,https://inaturalist-open-data.s3.amazonaws.com/photos/123812445/square.jpg,cc-by-nc-nd,"(c) Kala Murphy King, some rights reserved (CC BY-NC-ND), uploaded by Kala Murphy King"
191985938,9607,https://inaturalist-open-data.s3.amazonaws.com/photos/191985938/square.jpg,https://inaturalist-open-data.s3.amazonaws.com/photos/191985938/medium.jpg,https://inaturalist-open-data.s3.amazonaws.com/photos/191985938/square.jpg,cc-by-nc,"(c) Ad Konings, some rights reserved (CC BY-NC), uploaded by Ad Konings"
1688748,50278,https://inaturalist-open-data.s3.amazonaws.com/photos/1688748/square.JPG,https://inaturalist-open-data.s3.amazonaws.com/photos/1688748/medium.JPG,https://inaturalist-open-data.s3.amazonaws.com/photos/1688748/square.JPG,cc-by-nc,"(c) Carolyn Gritzmaker, some rights reserved (CC BY-NC), uploaded by Carolyn Gritzmaker"
371065093,48098,https://inaturalist-open-data.s3.amazonaws.com/photos/371065093/square.jpg,https://inaturalist-open-data.s3.amazonaws.com/photos/371065093/medium.jpg,https://inaturalist-open-data.s3.amazonaws.com/photos/371065093/square.jpg,cc0,"no rights reserved, uploaded by mefisher"
22579558,47435,https://static.inaturalist.org/photos/22579558/square.jpg,https://static.inaturalist.org/photos/22579558/medium.jpg,https://static.inaturalist.org/photos/22579558/square.jpg,NA,"(c) lataylor2, all rights reserved"
64559686,52681,https://inaturalist-open-data.s3.amazonaws.com/photos/64559686/square.jpg,https://inaturalist-open-data.s3.amazonaws.com/photos/64559686/medium.jpg,https://inaturalist-open-data.s3.amazonaws.com/photos/64559686/square.jpg,cc-by-nc-sa,"(c) c michael hogan, some rights reserved (CC BY-NC-SA), uploaded by c michael hogan"
170363242,473,https://inaturalist-open-data.s3.amazonaws.com/photos/170363242/square.jpg,https://inaturalist-open-data.s3.amazonaws.com/photos/170363242/medium.jpg,https://inaturalist-open-data.s3.amazonaws.com/photos/170363242/square.jpg,cc-by-nc,"(c) Jacob Collison, some rights reserved (CC BY-NC), uploaded by Jacob Collison"
10963085,42051,https://static.inaturalist.org/photos/10963085/square.jpg,https://static.inaturalist.org/photos/10963085/medium.jpg,https://static.inaturalist.org/photos/10963085/square.jpg,NA,"(c) Jorge Velez, all rights reserved, uploaded by Jorge Velez"
141367445,4270,https://inaturalist-open-data.s3.amazonaws.com/photos/141367445/square.jpg,https://inaturalist-open-data.s3.amazonaws.com/photos/141367445/medium.jpg,https://inaturalist-open-data.s3.amazonaws.com/photos/141367445/square.jpg,cc-by-nc,"(c) –î–º–∏—Ç—Ä–∏–π –û—Å–∏–ø–æ–≤, some rights reserved (CC BY-NC), uploaded by –î–º–∏—Ç—Ä–∏–π –û—Å–∏–ø–æ–≤"
156036389,52628,https://inaturalist-open-data.s3.amazonaws.com/photos/156036389/square.jpg,https://inaturalist-open-data.s3.amazonaws.com/photos/156036389/medium.jpg,https://inaturalist-open-data.s3.amazonaws.com/photos/156036389/square.jpg,cc-by-sa,"(c) hedera.baltica, some rights reserved (CC BY-SA)"
27928,9176,https://inaturalist-open-data.s3.amazonaws.com/photos/27928/square.jpg,https://inaturalist-open-data.s3.amazonaws.com/photos/27928/medium.jpg,https://inaturalist-open-data.s3.amazonaws.com/photos/27928/square.jpg,cc-by,"(c) Mike Baird, some rights reserved (CC BY)"
307568930,47144,https://inaturalist-open-data.s3.amazonaws.com/photos/307568930/square.jpg,https://inaturalist-open-data.s3.amazonaws.com/photos/307568930/medium.jpg,https://inaturalist-open-data.s3.amazonaws.com/photos/307568930/square.jpg,cc-by-nc,"(c) Alec Karcz, some rights reserved (CC BY-NC), uploaded by Alec Karcz"
22869683,116461,https://inaturalist-open-data.s3.amazonaws.com/photos/22869683/square.jpg,https://inaturalist-open-data.s3.amazonaws.com/photos/22869683/medium.jpg,https://inaturalist-open-data.s3.amazonaws.com/photos/22869683/square.jpg,cc-by-nc,"(c) Jill Bazeley, some rights reserved (CC BY-NC)"
192398523,204472,https://inaturalist-open-data.s3.amazonaws.com/photos/192398523/square.jpeg,https://inaturalist-open-data.s3.amazonaws.com/photos/192398523/medium.jpeg,https://inaturalist-open-data.s3.amazonaws.com/photos/192398523/square.jpeg,cc-by-nc,"(c) rociomar, some rights reserved (CC BY-NC)"
405357232,144849,https://inaturalist-open-data.s3.amazonaws.com/photos/405357232/square.jpg,https://inaturalist-open-data.s3.amazonaws.com/photos/405357232/medium.jpg,https://inaturalist-open-data.s3.amazonaws.com/photos/405357232/square.jpg,cc-by-nc,"(c) Oscar Valencoso - Salom√© Planas, some rights reserved (CC BY-NC)"
356151567,12942,https://inaturalist-open-data.s3.amazonaws.com/photos/356151567/square.jpeg,https://inaturalist-open-data.s3.amazonaws.com/photos/356151567/medium.jpeg,https://inaturalist-open-data.s3.amazonaws.com/photos/356151567/square.jpeg,cc-by-nc,"(c) Shreybae, some rights reserved (CC BY-NC), uploaded by Shreybae"
170370008,1579017,https://inaturalist-open-data.s3.amazonaws.com/photos/170370008/square.jpg,https://inaturalist-open-data.s3.amazonaws.com/photos/170370008/medium.jpg,https://inaturalist-open-data.s3.amazonaws.com/photos/170370008/square.jpg,cc-by-nc,"(c) Abby Sesselberg, some rights reserved (CC BY-NC), uploaded by Abby Sesselberg"
54919403,48715,https://inaturalist-open-data.s3.amazonaws.com/photos/54919403/square.jpg,https://inaturalist-open-data.s3.amazonaws.com/photos/54919403/medium.jpg,https://inaturalist-open-data.s3.amazonaws.com/photos/54919403/square.jpg,cc-by-nc,"(c) Rachel, some rights reserved (CC BY-NC), uploaded by Rachel"
15053771,4793,https://inaturalist-open-data.s3.amazonaws.com/photos/15053771/square.jpg,https://inaturalist-open-data.s3.amazonaws.com/photos/15053771/medium.jpg,https://inaturalist-open-data.s3.amazonaws.com/photos/15053771/square.jpg,cc-by-nc,"(c) world_lineage, some rights reserved (CC BY-NC), uploaded by world_lineage"
385004026,56057,https://inaturalist-open-data.s3.amazonaws.com/photos/385004026/square.jpg,https://inaturalist-open-data.s3.amazonaws.com/photos/385004026/medium.jpg,https://inaturalist-open-data.s3.amazonaws.com/photos/385004026/square.jpg,cc-by-nc,"(c) Ben Zerante, some rights reserved (CC BY-NC), uploaded by Ben Zerante"
85572773,55925,https://inaturalist-open-data.s3.amazonaws.com/photos/85572773/square.jpg,https://inaturalist-open-data.s3.amazonaws.com/photos/85572773/medium.jpg,https://inaturalist-open-data.s3.amazonaws.com/photos/85572773/square.jpg,pd,"W.carter, no known copyright restrictions (public domain)"
46355424,52856,https://inaturalist-open-data.s3.amazonaws.com/photos/46355424/square.jpeg,https://inaturalist-open-data.s3.amazonaws.com/photos/46355424/medium.jpeg,https://inaturalist-open-data.s3.amazonaws.com/photos/46355424/square.jpeg,cc-by-nc,"(c) Valentin Hamon, some rights reserved (CC BY-NC), uploaded by Valentin Hamon"
265916780,42069,https://static.inaturalist.org/photos/265916780/square.jpg,https://static.inaturalist.org/photos/265916780/medium.jpg,https://static.inaturalist.org/photos/265916780/square.jpg,NA,"(c) Pierre Noel, all rights reserved, uploaded by Pierre Noel"
175293083,56083,https://inaturalist-open-data.s3.amazonaws.com/photos/175293083/square.jpeg,https://inaturalist-open-data.s3.amazonaws.com/photos/175293083/medium.jpeg,https://inaturalist-open-data.s3.amazonaws.com/photos/175293083/square.jpeg,cc-by-nc,"(c) Russell Pfau, some rights reserved (CC BY-NC), uploaded by Russell Pfau"
4654051,65979,https://inaturalist-open-data.s3.amazonaws.com/photos/4654051/square.jpg,https://inaturalist-open-data.s3.amazonaws.com/photos/4654051/medium.jpg,https://inaturalist-open-data.s3.amazonaws.com/photos/4654051/square.jpg,cc-by-nc,"(c) bubbacho, some rights reserved (CC BY-NC)"
515847774,55563,https://inaturalist-open-data.s3.amazonaws.com/photos/515847774/square.jpg,https://inaturalist-open-data.s3.amazonaws.com/photos/515847774/medium.jpg,https://inaturalist-open-data.s3.amazonaws.com/photos/515847774/square.jpg,cc-by-sa,"(c) m.dolores paderne sa‚Ä¶, some rights reserved (CC BY-SA)"
2626904,36514,https://inaturalist-open-data.s3.amazonaws.com/photos/2626904/square.jpg,https://inaturalist-open-data.s3.amazonaws.com/photos/2626904/medium.jpg,https://inaturalist-open-data.s3.amazonaws.com/photos/2626904/square.jpg,cc-by-nc,"(c) Roberto R. Calder√≥n, some rights reserved (CC BY-NC), uploaded by Roberto R. Calder√≥n"
15850,61495,https://inaturalist-open-data.s3.amazonaws.com/photos/15850/square.jpg,https://inaturalist-open-data.s3.amazonaws.com/photos/15850/medium.jpg,https://inaturalist-open-data.s3.amazonaws.com/photos/15850/square.jpg,cc-by-nc-nd,"(c) Roger Smith, some rights reserved (CC BY-NC-ND)"
144861756,51884,https://inaturalist-open-data.s3.amazonaws.com/photos/144861756/square.jpeg,https://inaturalist-open-data.s3.amazonaws.com/photos/144861756/medium.jpeg,https://inaturalist-open-data.s3.amazonaws.com/photos/144861756/square.jpeg,cc-by,"(c) Tom Norton, some rights reserved (CC BY), uploaded by Tom Norton"
28111733,58523,https://static.inaturalist.org/photos/28111733/square.jpeg,https://static.inaturalist.org/photos/28111733/medium.jpeg,https://static.inaturalist.org/photos/28111733/square.jpeg,NA,"(c) Juan Carlos Garcia Morales, all rights reserved, uploaded by Juan Carlos Garcia Morales"
64439787,13851,https://inaturalist-open-data.s3.amazonaws.com/photos/64439787/square.jpg,https://inaturalist-open-data.s3.amazonaws.com/photos/64439787/medium.jpg,https://inaturalist-open-data.s3.amazonaws.com/photos/64439787/square.jpg,cc-by-nc,"(c) Dina Nesterkova, some rights reserved (CC BY-NC), uploaded by Dina Nesterkova"
390760300,52391,https://inaturalist-open-data.s3.amazonaws.com/photos/390760300/square.jpeg,https://inaturalist-open-data.s3.amazonaws.com/photos/390760300/medium.jpeg,https://inaturalist-open-data.s3.amazonaws.com/photos/390760300/square.jpeg,cc0,"no rights reserved, uploaded by Carter Dorscht"
63744014,61321,https://static.inaturalist.org/photos/63744014/square.jpeg,https://static.inaturalist.org/photos/63744014/medium.jpeg,https://static.inaturalist.org/photos/63744014/square.jpeg,NA,"(c) wojtest, all rights reserved, uploaded by wojtest"
16302570,480298,https://inaturalist-open-data.s3.amazonaws.com/photos/16302570/square.jpg,https://inaturalist-open-data.s3.amazonaws.com/photos/16302570/medium.jpg,https://inaturalist-open-data.s3.amazonaws.com/photos/16302570/square.jpg,cc-by-nc-sa,"(c) Ferran Turmo Gort, some rights reserved (CC BY-NC-SA)"
259132621,17871,https://inaturalist-open-data.s3.amazonaws.com/photos/259132621/square.jpeg,https://inaturalist-open-data.s3.amazonaws.com/photos/259132621/medium.jpeg,https://inaturalist-open-data.s3.amazonaws.com/photos/259132621/square.jpeg,cc-by-nc,"(c) Elio Giacone, some rights reserved (CC BY-NC), uploaded by Elio Giacone"
74013719,4328,https://inaturalist-open-data.s3.amazonaws.com/photos/74013719/square.jpg,https://inaturalist-open-data.s3.amazonaws.com/photos/74013719/medium.jpg,https://inaturalist-open-data.s3.amazonaws.com/photos/74013719/square.jpg,cc-by-nc,"(c) BJ Stacey, some rights reserved (CC BY-NC), uploaded by BJ Stacey"
383227697,18205,https://static.inaturalist.org/photos/383227697/square.jpeg,https://static.inaturalist.org/photos/383227697/medium.jpeg,https://static.inaturalist.org/photos/383227697/square.jpeg,NA,"(c) Juan Miguel Artigas Azas, all rights reserved, uploaded by Juan Miguel Artigas Azas"
87307303,54763,https://inaturalist-open-data.s3.amazonaws.com/photos/87307303/square.jpeg,https://inaturalist-open-data.s3.amazonaws.com/photos/87307303/medium.jpeg,https://inaturalist-open-data.s3.amazonaws.com/photos/87307303/square.jpeg,cc-by-nc,"(c) tauntonguy02780, some rights reserved (CC BY-NC), uploaded by tauntonguy02780"
419410578,47888,https://inaturalist-open-data.s3.amazonaws.com/photos/419410578/square.jpg,https://inaturalist-open-data.s3.amazonaws.com/photos/419410578/medium.jpg,https://inaturalist-open-data.s3.amazonaws.com/photos/419410578/square.jpg,cc-by-nc,"(c) Thomas Shahan, some rights reserved (CC BY-NC), uploaded by Thomas Shahan"
102255693,52592,https://inaturalist-open-data.s3.amazonaws.com/photos/102255693/square.jpg,https://inaturalist-open-data.s3.amazonaws.com/photos/102255693/medium.jpg,https://inaturalist-open-data.s3.amazonaws.com/photos/102255693/square.jpg,cc-by-nc,"(c) Felipe Hidalgo, some rights reserved (CC BY-NC), uploaded by Felipe Hidalgo"
336986640,558438,https://inaturalist-open-data.s3.amazonaws.com/photos/336986640/square.jpg,https://inaturalist-open-data.s3.amazonaws.com/photos/336986640/medium.jpg,https://inaturalist-open-data.s3.amazonaws.com/photos/336986640/square.jpg,cc-by-nc,"(c) silvertop41, some rights reserved (CC BY-NC)"
355840074,56222,https://inaturalist-open-data.s3.amazonaws.com/photos/355840074/square.jpeg,https://inaturalist-open-data.s3.amazonaws.com/photos/355840074/medium.jpeg,https://inaturalist-open-data.s3.amazonaws.com/photos/355840074/square.jpeg,cc-by-nc,"(c) Ga√´l Covain, some rights reserved (CC BY-NC), uploaded by Ga√´l Covain"
57666377,64237,https://inaturalist-open-data.s3.amazonaws.com/photos/57666377/square.jpeg,https://inaturalist-open-data.s3.amazonaws.com/photos/57666377/medium.jpeg,https://inaturalist-open-data.s3.amazonaws.com/photos/57666377/square.jpeg,cc-by-nc,"(c) Roger Debenham, some rights reserved (CC BY-NC), uploaded by Roger Debenham"
79984095,53059,https://inaturalist-open-data.s3.amazonaws.com/photos/79984095/square.jpg,https://inaturalist-open-data.s3.amazonaws.com/photos/79984095/medium.jpg,https://inaturalist-open-data.s3.amazonaws.com/photos/79984095/square.jpg,cc-by-sa,"(c) Magnus Hagdorn, some rights reserved (CC BY-SA)"
200854803,53021,https://inaturalist-open-data.s3.amazonaws.com/photos/200854803/square.jpg,https://inaturalist-open-data.s3.amazonaws.com/photos/200854803/medium.jpg,https://inaturalist-open-data.s3.amazonaws.com/photos/200854803/square.jpg,cc-by-nc-sa,"(c) Maria Em√≠lia Martins, some rights reserved (CC BY-NC-SA), uploaded by Maria Em√≠lia Martins"
114176979,144757,https://inaturalist-open-data.s3.amazonaws.com/photos/114176979/square.jpg,https://inaturalist-open-data.s3.amazonaws.com/photos/114176979/medium.jpg,https://inaturalist-open-data.s3.amazonaws.com/photos/114176979/square.jpg,cc-by-sa,"(c) hedera.baltica, some rights reserved (CC BY-SA)"
283622526,56077,https://inaturalist-open-data.s3.amazonaws.com/photos/283622526/square.jpg,https://inaturalist-open-data.s3.amazonaws.com/photos/283622526/medium.jpg,https://inaturalist-open-data.s3.amazonaws.com/photos/283622526/square.jpg,cc-by-nc,"(c) akolter, some rights reserved (CC BY-NC)"
182999416,5020,https://static.inaturalist.org/photos/182999416/square.jpg,https://static.inaturalist.org/photos/182999416/medium.jpg,https://static.inaturalist.org/photos/182999416/square.jpg,NA,"(c) Juan Miguel Artigas Azas, all rights reserved, uploaded by Juan Miguel Artigas Azas"
2014652,84549,https://inaturalist-open-data.s3.amazonaws.com/photos/2014652/square.jpg,https://inaturalist-open-data.s3.amazonaws.com/photos/2014652/medium.jpg,https://inaturalist-open-data.s3.amazonaws.com/photos/2014652/square.jpg,cc-by-nc,"(c) Greg Lasley, some rights reserved (CC BY-NC), uploaded by Greg Lasley"
4710619,207977,https://inaturalist-open-data.s3.amazonaws.com/photos/4710619/square.jpg,https://inaturalist-open-data.s3.amazonaws.com/photos/4710619/medium.jpg,https://inaturalist-open-data.s3.amazonaws.com/photos/4710619/square.jpg,cc-by,"(c) S. Rae, some rights reserved (CC BY)"
7431957,55757,https://inaturalist-open-data.s3.amazonaws.com/photos/7431957/square.jpg,https://inaturalist-open-data.s3.amazonaws.com/photos/7431957/medium.jpg,https://inaturalist-open-data.s3.amazonaws.com/photos/7431957/square.jpg,cc-by-sa,"(c) Andreas Rockstein, some rights reserved (CC BY-SA)"
464353866,472766,https://inaturalist-open-data.s3.amazonaws.com/photos/464353866/square.jpg,https://inaturalist-open-data.s3.amazonaws.com/photos/464353866/medium.jpg,https://inaturalist-open-data.s3.amazonaws.com/photos/464353866/square.jpg,cc-by-nc,"(c) Manuel Raab, some rights reserved (CC BY-NC), uploaded by Manuel Raab"
252786276,78882,https://inaturalist-open-data.s3.amazonaws.com/photos/252786276/square.jpg,https://inaturalist-open-data.s3.amazonaws.com/photos/252786276/medium.jpg,https://inaturalist-open-data.s3.amazonaws.com/photos/252786276/square.jpg,cc-by-sa,"(c) Douglas Goldman, some rights reserved (CC BY-SA), uploaded by Douglas Goldman"
70860715,55620,https://inaturalist-open-data.s3.amazonaws.com/photos/70860715/square.jpeg,https://inaturalist-open-data.s3.amazonaws.com/photos/70860715/medium.jpeg,https://inaturalist-open-data.s3.amazonaws.com/photos/70860715/square.jpeg,cc-by-nc,"(c) Alexander Baransky, some rights reserved (CC BY-NC), uploaded by Alexander Baransky"
33118717,51110,https://inaturalist-open-data.s3.amazonaws.com/photos/33118717/square.jpg,https://inaturalist-open-data.s3.amazonaws.com/photos/33118717/medium.jpg,https://inaturalist-open-data.s3.amazonaws.com/photos/33118717/square.jpg,cc-by,"(c) Christopher Eliot, some rights reserved (CC BY), uploaded by Christopher Eliot"
257842284,56088,https://inaturalist-open-data.s3.amazonaws.com/photos/257842284/square.jpeg,https://inaturalist-open-data.s3.amazonaws.com/photos/257842284/medium.jpeg,https://inaturalist-open-data.s3.amazonaws.com/photos/257842284/square.jpeg,cc-by-nc,"(c) Annika üêû, some rights reserved (CC BY-NC), uploaded by Annika üêû"
14006,54834,https://inaturalist-open-data.s3.amazonaws.com/photos/14006/square.jpg,https://inaturalist-open-data.s3.amazonaws.com/photos/14006/medium.jpg,https://inaturalist-open-data.s3.amazonaws.com/photos/14006/square.jpg,cc-by-nc-nd,"(c) Danny Barron, some rights reserved (CC BY-NC-ND)"
14689662,4765,https://inaturalist-open-data.s3.amazonaws.com/photos/14689662/square.jpg,https://inaturalist-open-data.s3.amazonaws.com/photos/14689662/medium.jpg,https://inaturalist-open-data.s3.amazonaws.com/photos/14689662/square.jpg,cc-by-nc-sa,"(c) llsproat, some rights reserved (CC BY-NC-SA)"
349979346,58961,https://inaturalist-open-data.s3.amazonaws.com/photos/349979346/square.jpeg,https://inaturalist-open-data.s3.amazonaws.com/photos/349979346/medium.jpeg,https://inaturalist-open-data.s3.amazonaws.com/photos/349979346/square.jpeg,cc-by-nc-sa,"(c) Reiner Richter, some rights reserved (CC BY-NC-SA), uploaded by Reiner Richter"
358438292,6317,https://static.inaturalist.org/photos/358438292/square.jpg,https://static.inaturalist.org/photos/358438292/medium.jpg,https://static.inaturalist.org/photos/358438292/square.jpg,NA,"(c) Nancy Christensen, all rights reserved, uploaded by Nancy Christensen"
97835433,120215,https://inaturalist-open-data.s3.amazonaws.com/photos/97835433/square.jpg,https://inaturalist-open-data.s3.amazonaws.com/photos/97835433/medium.jpg,https://inaturalist-open-data.s3.amazonaws.com/photos/97835433/square.jpg,cc-by-nc,"(c) Steven Mlodinow, some rights reserved (CC BY-NC), uploaded by Steven Mlodinow"
273251789,9135,https://inaturalist-open-data.s3.amazonaws.com/photos/273251789/square.jpg,https://inaturalist-open-data.s3.amazonaws.com/photos/273251789/medium.jpg,https://inaturalist-open-data.s3.amazonaws.com/photos/273251789/square.jpg,cc-by-nc,"(c) Weston Barker, some rights reserved (CC BY-NC), uploaded by Weston Barker"
174574440,4665,https://static.inaturalist.org/photos/174574440/square.jpg,https://static.inaturalist.org/photos/174574440/medium.jpg,https://static.inaturalist.org/photos/174574440/square.jpg,NA,"(c) Vincent O'Brien, all rights reserved, uploaded by Vincent O'Brien"
220777535,76907,https://inaturalist-open-data.s3.amazonaws.com/photos/220777535/square.jpg,https://inaturalist-open-data.s3.amazonaws.com/photos/220777535/medium.jpg,https://inaturalist-open-data.s3.amazonaws.com/photos/220777535/square.jpg,cc-by,"(c) Scott Morris, some rights reserved (CC BY), uploaded by Scott Morris"
9216901,49202,https://inaturalist-open-data.s3.amazonaws.com/photos/9216901/square.jpeg,https://inaturalist-open-data.s3.amazonaws.com/photos/9216901/medium.jpeg,https://inaturalist-open-data.s3.amazonaws.com/photos/9216901/square.jpeg,cc-by-nc,"(c) Sara Rall, some rights reserved (CC BY-NC), uploaded by Sara Rall"
352641070,39682,https://inaturalist-open-data.s3.amazonaws.com/photos/352641070/square.jpg,https://inaturalist-open-data.s3.amazonaws.com/photos/352641070/medium.jpg,https://inaturalist-open-data.s3.amazonaws.com/photos/352641070/square.jpg,cc-by,"(c) 
lwolfartist, some rights reserved (CC BY)"
112626129,6937,https://static.inaturalist.org/photos/112626129/square.jpg,https://static.inaturalist.org/photos/112626129/medium.jpg,https://static.inaturalist.org/photos/112626129/square.jpg,NA,"(c) Juan Miguel Artigas Azas, all rights reserved, uploaded by Juan Miguel Artigas Azas"
450146514,7428,https://inaturalist-open-data.s3.amazonaws.com/photos/450146514/square.jpeg,https://inaturalist-open-data.s3.amazonaws.com/photos/450146514/medium.jpeg,https://inaturalist-open-data.s3.amazonaws.com/photos/450146514/square.jpeg,cc-by-nc,"(c) Manny Salas, some rights reserved (CC BY-NC), uploaded by Manny Salas"
155404600,55641,https://static.inaturalist.org/photos/155404600/square.jpg,https://static.inaturalist.org/photos/155404600/medium.jpg,https://static.inaturalist.org/photos/155404600/square.jpg,NA,"(c) Bryan Pfeiffer, all rights reserved, uploaded by Bryan Pfeiffer"
35674124,49288,https://inaturalist-open-data.s3.amazonaws.com/photos/35674124/square.jpg,https://inaturalist-open-data.s3.amazonaws.com/photos/35674124/medium.jpg,https://inaturalist-open-data.s3.amazonaws.com/photos/35674124/square.jpg,cc0,"no rights reserved, uploaded by mefisher"
251363753,7004,https://inaturalist-open-data.s3.amazonaws.com/photos/251363753/square.jpg,https://inaturalist-open-data.s3.amazonaws.com/photos/251363753/medium.jpg,https://inaturalist-open-data.s3.amazonaws.com/photos/251363753/square.jpg,cc-by-nc,"(c) brian stahls, some rights reserved (CC BY-NC), uploaded by brian stahls"
181611272,47687,https://static.inaturalist.org/photos/181611272/square.jpeg,https://static.inaturalist.org/photos/181611272/medium.jpeg,https://static.inaturalist.org/photos/181611272/square.jpeg,NA,"(c) Heather Chamberlain, all rights reserved, uploaded by Heather Chamberlain"
24033389,60607,https://inaturalist-open-data.s3.amazonaws.com/photos/24033389/square.jpg,https://inaturalist-open-data.s3.amazonaws.com/photos/24033389/medium.jpg,https://inaturalist-open-data.s3.amazonaws.com/photos/24033389/square.jpg,cc-by-nc,"(c) Sharon Forsyth, some rights reserved (CC BY-NC), uploaded by Sharon Forsyth"
359148504,9184,https://inaturalist-open-data.s3.amazonaws.com/photos/359148504/square.jpg,https://inaturalist-open-data.s3.amazonaws.com/photos/359148504/medium.jpg,https://inaturalist-open-data.s3.amazonaws.com/photos/359148504/square.jpg,cc-by,"(c) Judy Gallagher, some rights reserved (CC BY)"
301028109,49005,https://inaturalist-open-data.s3.amazonaws.com/photos/301028109/square.jpeg,https://inaturalist-open-data.s3.amazonaws.com/photos/301028109/medium.jpeg,https://inaturalist-open-data.s3.amazonaws.com/photos/301028109/square.jpeg,cc-by-nc,"(c) William J. Deml, some rights reserved (CC BY-NC), uploaded by William J. Deml"
171626985,7107,https://inaturalist-open-data.s3.amazonaws.com/photos/171626985/square.jpg,https://inaturalist-open-data.s3.amazonaws.com/photos/171626985/medium.jpg,https://inaturalist-open-data.s3.amazonaws.com/photos/171626985/square.jpg,cc-by-nc,"(c) Kent Ross, some rights reserved (CC BY-NC), uploaded by Kent Ross"
301833921,79109,https://inaturalist-open-data.s3.amazonaws.com/photos/301833921/square.jpeg,https://inaturalist-open-data.s3.amazonaws.com/photos/301833921/medium.jpeg,https://inaturalist-open-data.s3.amazonaws.com/photos/301833921/square.jpeg,cc-by-nc,"(c) quandary, some rights reserved (CC BY-NC)"
61457230,9398,https://static.inaturalist.org/photos/61457230/square.jpg,https://static.inaturalist.org/photos/61457230/medium.jpg,https://static.inaturalist.org/photos/61457230/square.jpg,NA,"(c) Paul, all rights reserved, uploaded by Paul"
45581182,55971,https://inaturalist-open-data.s3.amazonaws.com/photos/45581182/square.jpg,https://inaturalist-open-data.s3.amazonaws.com/photos/45581182/medium.jpg,https://inaturalist-open-data.s3.amazonaws.com/photos/45581182/square.jpg,cc-by-nc,"(c) Robert D Stevenson, some rights reserved (CC BY-NC), uploaded by Robert D Stevenson"
255301394,57278,https://inaturalist-open-data.s3.amazonaws.com/photos/255301394/square.jpeg,https://inaturalist-open-data.s3.amazonaws.com/photos/255301394/medium.jpeg,https://inaturalist-open-data.s3.amazonaws.com/photos/255301394/square.jpeg,cc-by-sa,"(c) Nicola van Berkel, some rights reserved (CC BY-SA), uploaded by Nicola van Berkel"
205293169,4943,https://inaturalist-open-data.s3.amazonaws.com/photos/205293169/square.jpg,https://inaturalist-open-data.s3.amazonaws.com/photos/205293169/medium.jpg,https://inaturalist-open-data.s3.amazonaws.com/photos/205293169/square.jpg,cc-by,"(c) Bengt Nyman, some rights reserved (CC BY)"
165898544,49399,https://inaturalist-open-data.s3.amazonaws.com/photos/165898544/square.jpg,https://inaturalist-open-data.s3.amazonaws.com/photos/165898544/medium.jpg,https://inaturalist-open-data.s3.amazonaws.com/photos/165898544/square.jpg,cc-by-nc-sa,"(c) Steven Severinghaus, some rights reserved (CC BY-NC-SA)"
171693341,17008,https://static.inaturalist.org/photos/171693341/square.jpg,https://static.inaturalist.org/photos/171693341/medium.jpg,https://static.inaturalist.org/photos/171693341/square.jpg,NA,"(c) j_albright, all rights reserved"
468121352,55666,https://inaturalist-open-data.s3.amazonaws.com/photos/468121352/square.jpg,https://inaturalist-open-data.s3.amazonaws.com/photos/468121352/medium.jpg,https://inaturalist-open-data.s3.amazonaws.com/photos/468121352/square.jpg,pd,"Cbaile19, no known copyright restrictions (public domain)"
4319833,49477,https://inaturalist-open-data.s3.amazonaws.com/photos/4319833/square.jpeg,https://inaturalist-open-data.s3.amazonaws.com/photos/4319833/medium.jpeg,https://inaturalist-open-data.s3.amazonaws.com/photos/4319833/square.jpeg,cc-by-nc,"(c) cgbb2004, some rights reserved (CC BY-NC), uploaded by cgbb2004"
171773229,201282,https://inaturalist-open-data.s3.amazonaws.com/photos/171773229/square.jpg,https://inaturalist-open-data.s3.amazonaws.com/photos/171773229/medium.jpg,https://inaturalist-open-data.s3.amazonaws.com/photos/171773229/square.jpg,cc-by,"(c) Alexis Lours, some rights reserved (CC BY), uploaded by Alexis Lours"
60121356,58722,https://static.inaturalist.org/photos/60121356/square.jpeg,https://static.inaturalist.org/photos/60121356/medium.jpeg,https://static.inaturalist.org/photos/60121356/square.jpeg,NA,"(c) mustafa g√∂kmen, all rights reserved, uploaded by mustafa g√∂kmen"
265296529,9602,https://inaturalist-open-data.s3.amazonaws.com/photos/265296529/square.jpg,https://inaturalist-open-data.s3.amazonaws.com/photos/265296529/medium.jpg,https://inaturalist-open-data.s3.amazonaws.com/photos/265296529/square.jpg,cc-by-nc,"(c) brian stahls, some rights reserved (CC BY-NC), uploaded by brian stahls"
151075271,49658,https://inaturalist-open-data.s3.amazonaws.com/photos/151075271/square.jpg,https://inaturalist-open-data.s3.amazonaws.com/photos/151075271/medium.jpg,https://inaturalist-open-data.s3.amazonaws.com/photos/151075271/square.jpg,cc-by,"(c) Sandy Wolkenberg, some rights reserved (CC BY), uploaded by Sandy Wolkenberg"
251561287,81923,https://inaturalist-open-data.s3.amazonaws.com/photos/251561287/square.jpeg,https://inaturalist-open-data.s3.amazonaws.com/photos/251561287/medium.jpeg,https://inaturalist-open-data.s3.amazonaws.com/photos/251561287/square.jpeg,cc-by-nc-nd,"(c) Konrad Zobel, some rights reserved (CC BY-NC-ND), uploaded by Konrad Zobel"
19508334,82816,https://inaturalist-open-data.s3.amazonaws.com/photos/19508334/square.jpeg,https://inaturalist-open-data.s3.amazonaws.com/photos/19508334/medium.jpeg,https://inaturalist-open-data.s3.amazonaws.com/photos/19508334/square.jpeg,cc-by-nc,"(c) Erika Betts, some rights reserved (CC BY-NC), uploaded by Erika Betts"
25544020,14801,https://static.inaturalist.org/photos/25544020/square.jpeg,https://static.inaturalist.org/photos/25544020/medium.jpeg,https://static.inaturalist.org/photos/25544020/square.jpeg,NA,"(c) C√©sar Andr√©s Castillo, all rights reserved, uploaded by C√©sar Andr√©s Castillo"
158802479,5268,https://inaturalist-open-data.s3.amazonaws.com/photos/158802479/square.jpg,https://inaturalist-open-data.s3.amazonaws.com/photos/158802479/medium.jpg,https://inaturalist-open-data.s3.amazonaws.com/photos/158802479/square.jpg,cc-by-nc,"(c) Joshua S. Martin, some rights reserved (CC BY-NC), uploaded by Joshua S. Martin"
361793,52925,https://inaturalist-open-data.s3.amazonaws.com/photos/361793/square.jpg,https://inaturalist-open-data.s3.amazonaws.com/photos/361793/medium.jpg,https://inaturalist-open-data.s3.amazonaws.com/photos/361793/square.jpg,cc-by-nc,"(c) Greg Lasley, some rights reserved (CC BY-NC), uploaded by Greg Lasley"
235717,558439,https://inaturalist-open-data.s3.amazonaws.com/photos/235717/square.jpg,https://inaturalist-open-data.s3.amazonaws.com/photos/235717/medium.jpg,https://inaturalist-open-data.s3.amazonaws.com/photos/235717/square.jpg,cc-by-nc,"(c) Greg Lasley, some rights reserved (CC BY-NC), uploaded by Greg Lasley"
38652836,48229,https://inaturalist-open-data.s3.amazonaws.com/photos/38652836/square.jpeg,https://inaturalist-open-data.s3.amazonaws.com/photos/38652836/medium.jpeg,https://inaturalist-open-data.s3.amazonaws.com/photos/38652836/square.jpeg,cc-by-nc-sa,"(c) Reiner Richter, some rights reserved (CC BY-NC-SA), uploaded by Reiner Richter"
163141503,68205,https://inaturalist-open-data.s3.amazonaws.com/photos/163141503/square.jpg,https://inaturalist-open-data.s3.amazonaws.com/photos/163141503/medium.jpg,https://inaturalist-open-data.s3.amazonaws.com/photos/163141503/square.jpg,cc-by-nc-sa,"(c) arbyreed, some rights reserved (CC BY-NC-SA)"
107855775,145308,https://static.inaturalist.org/photos/107855775/square.jpg,https://static.inaturalist.org/photos/107855775/medium.jpg,https://static.inaturalist.org/photos/107855775/square.jpg,NA,"(c) Mason Maron, all rights reserved, uploaded by Mason Maron"
451700759,204496,https://inaturalist-open-data.s3.amazonaws.com/photos/451700759/square.jpg,https://inaturalist-open-data.s3.amazonaws.com/photos/451700759/medium.jpg,https://inaturalist-open-data.s3.amazonaws.com/photos/451700759/square.jpg,cc-by-nc,"(c) Eidiu, some rights reserved (CC BY-NC), uploaded by Eidiu"
111809822,51062,https://inaturalist-open-data.s3.amazonaws.com/photos/111809822/square.jpg,https://inaturalist-open-data.s3.amazonaws.com/photos/111809822/medium.jpg,https://inaturalist-open-data.s3.amazonaws.com/photos/111809822/square.jpg,cc-by-nc,"(c) Emily Scherer, some rights reserved (CC BY-NC), uploaded by Emily Scherer"
2611412,50340,https://inaturalist-open-data.s3.amazonaws.com/photos/2611412/square.jpg,https://inaturalist-open-data.s3.amazonaws.com/photos/2611412/medium.jpg,https://inaturalist-open-data.s3.amazonaws.com/photos/2611412/square.jpg,cc-by,"(c) Ken-ichi Ueda, some rights reserved (CC BY), uploaded by Ken-ichi Ueda"
23366234,57824,https://inaturalist-open-data.s3.amazonaws.com/photos/23366234/square.jpg,https://inaturalist-open-data.s3.amazonaws.com/photos/23366234/medium.jpg,https://inaturalist-open-data.s3.amazonaws.com/photos/23366234/square.jpg,cc0,"no rights reserved, uploaded by neotrigonia"
8204233,50310,https://inaturalist-open-data.s3.amazonaws.com/photos/8204233/square.jpg,https://inaturalist-open-data.s3.amazonaws.com/photos/8204233/medium.jpg,https://inaturalist-open-data.s3.amazonaws.com/photos/8204233/square.jpg,cc-by,"(c) Jason Hollinger, some rights reserved (CC BY)"
455965,55653,https://inaturalist-open-data.s3.amazonaws.com/photos/455965/square.jpg,https://inaturalist-open-data.s3.amazonaws.com/photos/455965/medium.jpg,https://inaturalist-open-data.s3.amazonaws.com/photos/455965/square.jpg,cc-by-nc-nd,"(c) Allan Hopkins, some rights reserved (CC BY-NC-ND)"
200080819,82576,https://inaturalist-open-data.s3.amazonaws.com/photos/200080819/square.jpg,https://inaturalist-open-data.s3.amazonaws.com/photos/200080819/medium.jpg,https://inaturalist-open-data.s3.amazonaws.com/photos/200080819/square.jpg,cc-by,"(c) Laura Clark, some rights reserved (CC BY), uploaded by Laura Clark"
130825766,56174,https://inaturalist-open-data.s3.amazonaws.com/photos/130825766/square.jpg,https://inaturalist-open-data.s3.amazonaws.com/photos/130825766/medium.jpg,https://inaturalist-open-data.s3.amazonaws.com/photos/130825766/square.jpg,cc-by-nc,"(c) Javisa Hun, some rights reserved (CC BY-NC), uploaded by Javisa Hun"
162191139,119048,https://inaturalist-open-data.s3.amazonaws.com/photos/162191139/square.jpg,https://inaturalist-open-data.s3.amazonaws.com/photos/162191139/medium.jpg,https://inaturalist-open-data.s3.amazonaws.com/photos/162191139/square.jpg,cc-by-nc-nd,"(c) Dan Mullen, some rights reserved (CC BY-NC-ND)"
146752176,48502,https://inaturalist-open-data.s3.amazonaws.com/photos/146752176/square.jpg,https://inaturalist-open-data.s3.amazonaws.com/photos/146752176/medium.jpg,https://inaturalist-open-data.s3.amazonaws.com/photos/146752176/square.jpg,cc-by-nc-nd,"(c) dbarronoss, some rights reserved (CC BY-NC-ND)"
